,1,2,3,4,5
11111,0,0,0,0,0
11112,0,0,0,0,0
11113,0,0,0,0,0
11114,0,0,0,0,0
11115,0,0,0,0,0
11121,0,0,0,0,0
11122,0,0,0,0,0
11123,0,0,0,0,0
11124,0,0,0,0,0
11125,0,0,0,0,0
11131,0,0,0,0,0
11132,0,0,0,0,0
11133,0,0,0,0,0
11134,0,0,0,0,0
11135,0,0,0,0,0
11141,0,0,0,0,0
11142,0,0,0,0,0
11143,0,0,0,0,0
11144,0,0,0,0,0
11145,0,0,0,0,0
11151,0,0,0,0,0
11152,0,0,0,0,0
11153,0,0,0,0,0
11154,0,0,0,0,0
11155,0,0,0,0,0
11211,0,0,0,0,0
11212,0,0,0,0,0
11213,0,0,0,0,0
11214,0,0,0,0,0
11215,0,0,0,0,0
11221,0,0,0,0,0
11222,0,0,0,0,0
11223,0,0,0,0,0
11224,0,0,0,0,0
11225,0,0,0,0,0
11231,0,0,0,0,0
11232,0,0,0,0,0
11233,0,0,0,0,0
11234,0,0,0,0,0
11235,0,0,0,0,0
11241,0,0,0,0,0
11242,0,0,0,0,0
11243,0,0,0,0,0
11244,0,0,0,0,0
11245,0,0,0,0,0
11251,0,0,0,0,0
11252,0,0,0,0,0
11253,0,0,0,0,0
11254,0,0,0,0,0
11255,0,0,0,0,0
11311,0,0,0,0,0
11312,0,0,0,0,0
11313,0,0,0,0,0
11314,0,0,0,0,0
11315,0,0,0,0,0
11321,0,0,0,0,0
11322,0,0,0,0,0
11323,0,0,0,0,0
11324,0,0,0,0,0
11325,0,0,0,0,0
11331,0,0,0,0,0
11332,0,0,0,0,0
11333,0,0,0,0,0
11334,0,0,0,0,0
11335,0,0,0,0,0
11341,0,0,0,0,0
11342,0,0,0,0,0
11343,0,0,0,0,0
11344,0,0,0,0,0
11345,0,0,0,0,0
11351,0,0,0,0,0
11352,0,0,0,0,0
11353,0,0,0,0,0
11354,0,0,0,0,0
11355,0,0,0,0,0
11411,0,0,0,0,0
11412,0,0,0,0,0
11413,0,0,0,0,0
11414,0,0,0,0,0
11415,0,0,0,0,0
11421,0,0,0,0,0
11422,0,0,0,0,0
11423,0,0,0,0,0
11424,0,0,0,0,0
11425,0,0,0,0,0
11431,0,0,0,0,0
11432,0,0,0,0,0
11433,0,0,0,0,0
11434,0,0,0,0,0
11435,0,0,0,0,0
11441,0,0,0,0,0
11442,0,0,0,0,0
11443,0,0,0,0,0
11444,0,0,0,0,0
11445,0,0,0,0,0
11451,0,0,0,0,0
11452,0,0,0,0,0
11453,0,0,0,0,0
11454,0,0,0,0,0
11455,0,0,0,0,0
11511,0,0,0,0,0
11512,0,0,0,0,0
11513,0,0,0,0,0
11514,0,0,0,0,0
11515,0,0,0,0,0
11521,0,0,0,0,0
11522,0,0,0,0,0
11523,0,0,0,0,0
11524,0,0,0,0,0
11525,0,0,0,0,0
11531,0,0,0,0,0
11532,0,0,0,0,0
11533,0,0,0,0,0
11534,0,0,0,0,0
11535,0,0,0,0,0
11541,0,0,0,0,0
11542,0,0,0,0,0
11543,0,0,0,0,0
11544,0,0,0,0,0
11545,0,0,0,0,0
11551,0,0,0,0,0
11552,0,0,0,0,0
11553,0,0,0,0,0
11554,0,0,0,0,0
11555,0,0,0,0,0
12111,0,0,0,0,0
12112,0,0,0,0,0
12113,0,0,0,0,0
12114,0,0,0,0,0
12115,0,0,0,0,0
12121,0,0,0,0,0
12122,0,0,0,0,0
12123,0,0,0,0,0
12124,0,0,0,0,0
12125,0,0,0,0,0
12131,0,0,0,0,0
12132,0,0,0,0,0
12133,0,0,0,0,0
12134,0,0,0,0,0
12135,0,0,0,0,0
12141,0,0,0,0,0
12142,0,0,0,0,0
12143,0,0,0,0,0
12144,0,0,0,0,0
12145,0,0,0,0,0
12151,0,0,0,0,0
12152,0,0,0,0,0
12153,0,0,0,0,0
12154,0,0,0,0,0
12155,0,0,0,0,0
12211,0,0,0,0,0
12212,0,0,0,0,0
12213,0,0,0,0,0
12214,0,0,0,0,0
12215,0,0,0,0,0
12221,0,0,0,0,0
12222,0,0,0,0,0
12223,0,0,0,0,0
12224,0,0,0,0,0
12225,0,0,0,0,0
12231,0,0,0,0,0
12232,0,0,0,0,0
12233,0,0,0,0,0
12234,0,0,0,0,0
12235,0,0,0,0,0
12241,0,0,0,0,0
12242,0,0,0,0,0
12243,0,0,0,0,0
12244,0,0,0,0,0
12245,0,0,0,0,0
12251,0,0,0,0,0
12252,0,0,0,0,0
12253,0,0,0,0,0
12254,0,0,0,0,0
12255,0,0,0,0,0
12311,0,0,0,0,0
12312,0,0,0,0,0
12313,0,0,0,0,0
12314,0,0,0,0,0
12315,0,0,0,0,0
12321,0,0,0,0,0
12322,0,0,0,0,0
12323,0,0,0,0,0
12324,0,0,0,0,0
12325,0,0,0,0,0
12331,0,0,0,0,0
12332,0,0,0,0,0
12333,0,0,0,0,0
12334,0,0,0,0,0
12335,0,0,0,0,0
12341,0,0,0,0,0
12342,0,0,0,0,0
12343,0,0,0,0,0
12344,0,0,0,0,0
12345,0,0,0,0,0
12351,0,0,0,0,0
12352,0,0,0,0,0
12353,0,0,0,0,0
12354,0,0,0,0,0
12355,0,0,0,0,0
12411,0,0,0,0,0
12412,0,0,0,0,0
12413,0,0,0,0,0
12414,0,0,0,0,0
12415,0,0,0,0,0
12421,0,0,0,0,0
12422,0,0,0,0,0
12423,0,0,0,0,0
12424,0,0,0,0,0
12425,0,0,0,0,0
12431,0,0,0,0,0
12432,0,0,0,0,0
12433,0,0,0,0,0
12434,0,0,0,0,0
12435,0,0,0,0,0
12441,0,0,0,0,0
12442,0,0,0,0,0
12443,0,0,0,0,0
12444,0,0,0,0,0
12445,0,0,0,0,0
12451,0,0,0,0,0
12452,0,0,0,0,0
12453,0,0,0,0,0
12454,0,0,0,0,0
12455,0,0,0,0,0
12511,0,0,0,0,0
12512,0,0,0,0,0
12513,0,0,0,0,0
12514,0,0,0,0,0
12515,0,0,0,0,0
12521,0,0,0,0,0
12522,0,0,0,0,0
12523,0,0,0,0,0
12524,0,0,0,0,0
12525,0,0,0,0,0
12531,0,0,0,0,0
12532,0,0,0,0,0
12533,0,0,0,0,0
12534,0,0,0,0,0
12535,0,0,0,0,0
12541,0,0,0,0,0
12542,0,0,0,0,0
12543,0,0,0,0,0
12544,0,0,0,0,0
12545,0,0,0,0,0
12551,0,0,0,0,0
12552,0,0,0,0,0
12553,0,0,0,0,0
12554,0,0,0,0,0
12555,0,0,0,0,0
13111,0,0,0,0,0
13112,0,0,0,0,0
13113,0,0,0,0,0
13114,0,0,0,0,0
13115,0,0,0,0,0
13121,0,0,0,0,0
13122,0,0,0,0,0
13123,0,0,0,0,0
13124,0,0,0,0,0
13125,0,0,0,0,0
13131,0,0,0,0,0
13132,0,0,0,0,0
13133,0,0,0,0,0
13134,0,0,0,0,0
13135,0,0,0,0,0
13141,0,0,0,0,0
13142,0,0,0,0,0
13143,0,0,0,0,0
13144,0,0,0,0,0
13145,0,0,0,0,0
13151,0,0,0,0,0
13152,0,0,0,0,0
13153,0,0,0,0,0
13154,0,0,0,0,0
13155,0,0,0,0,0
13211,0,0,0,0,0
13212,0,0,0,0,0
13213,0,0,0,0,0
13214,0,0,0,0,0
13215,0,0,0,0,0
13221,0,0,0,0,0
13222,0,0,0,0,0
13223,0,0,0,0,0
13224,0,0,0,0,0
13225,0,0,0,0,0
13231,0,0,0,0,0
13232,0,0,0,0,0
13233,0,0,0,0,0
13234,0,0,0,0,0
13235,0,0,0,0,0
13241,0,0,0,0,0
13242,0,0,0,0,0
13243,0,0,0,0,0
13244,0,0,0,0,0
13245,0,0,0,0,0
13251,0,0,0,0,0
13252,0,0,0,0,0
13253,0,0,0,0,0
13254,0,0,0,0,0
13255,0,0,0,0,0
13311,0,0,0,0,0
13312,0,0,0,0,0
13313,0,0,0,0,0
13314,0,0,0,0,0
13315,0,0,0,0,0
13321,0,0,0,0,0
13322,0,0,0,0,0
13323,0,0,0,0,0
13324,0,0,0,0,0
13325,0,0,0,0,0
13331,0,0,0,0,0
13332,0,0,0,0,0
13333,0,0,0,0,0
13334,0,0,0,0,0
13335,0,0,0,0,0
13341,0,0,0,0,0
13342,0,0,0,0,0
13343,0,0,0,0,0
13344,0,0,0,0,0
13345,0,0,0,0,0
13351,0,0,0,0,0
13352,0,0,0,0,0
13353,0,0,0,0,0
13354,0,0,0,0,0
13355,0,0,0,0,0
13411,0,0,0,0,0
13412,0,0,0,0,0
13413,0,0,0,0,0
13414,0,0,0,0,0
13415,0,0,0,0,0
13421,0,0,0,0,0
13422,0,0,0,0,0
13423,0,0,0,0,0
13424,0,0,0,0,0
13425,0,0,0,0,0
13431,0,0,0,0,0
13432,0,0,0,0,0
13433,0,0,0,0,0
13434,0,0,0,0,0
13435,0,0,0,0,0
13441,0,0,0,0,0
13442,0,0,0,0,0
13443,0,0,0,0,0
13444,0,0,0,0,0
13445,0,0,0,0,0
13451,0,0,0,0,0
13452,0,0,0,0,0
13453,0,0,0,0,0
13454,0,0,0,0,0
13455,0,0,0,0,0
13511,0,0,0,0,0
13512,0,0,0,0,0
13513,0,0,0,0,0
13514,0,0,0,0,0
13515,0,0,0,0,0
13521,0,0,0,0,0
13522,0,0,0,0,0
13523,0,0,0,0,0
13524,0,0,0,0,0
13525,0,0,0,0,0
13531,0,0,0,0,0
13532,0,0,0,0,0
13533,0,0,0,0,0
13534,0,0,0,0,0
13535,0,0,0,0,0
13541,0,0,0,0,0
13542,0,0,0,0,0
13543,0,0,0,0,0
13544,0,0,0,0,0
13545,0,0,0,0,0
13551,0,0,0,0,0
13552,0,0,0,0,0
13553,0,0,0,0,0
13554,0,0,0,0,0
13555,0,0,0,0,0
14111,0,0,0,0,0
14112,0,0,0,0,0
14113,0,0,0,0,0
14114,0,0,0,0,0
14115,0,0,0,0,0
14121,0,0,0,0,0
14122,0,0,0,0,0
14123,0,0,0,0,0
14124,0,0,0,0,0
14125,0,0,0,0,0
14131,0,0,0,0,0
14132,0,0,0,0,0
14133,0,0,0,0,0
14134,0,0,0,0,0
14135,0,0,0,0,0
14141,0,0,0,0,0
14142,0,0,0,0,0
14143,0,0,0,0,0
14144,0,0,0,0,0
14145,0,0,0,0,0
14151,0,0,0,0,0
14152,0,0,0,0,0
14153,0,0,0,0,0
14154,0,0,0,0,0
14155,0,0,0,0,0
14211,0,0,0,0,0
14212,0,0,0,0,0
14213,0,0,0,0,0
14214,0,0,0,0,0
14215,0,0,0,0,0
14221,0,0,0,0,0
14222,0,0,0,0,0
14223,0,0,0,0,0
14224,0,0,0,0,0
14225,0,0,0,0,0
14231,0,0,0,0,0
14232,0,0,0,0,0
14233,0,0,0,0,0
14234,0,0,0,0,0
14235,0,0,0,0,0
14241,0,0,0,0,0
14242,0,0,0,0,0
14243,0,0,0,0,0
14244,0,0,0,0,0
14245,0,0,0,0,0
14251,0,0,0,0,0
14252,0,0,0,0,0
14253,0,0,0,0,0
14254,0,0,0,0,0
14255,0,0,0,0,0
14311,0,0,0,0,0
14312,0,0,0,0,0
14313,0,0,0,0,0
14314,0,0,0,0,0
14315,0,0,0,0,0
14321,0,0,0,0,0
14322,0,0,0,0,0
14323,0,0,0,0,0
14324,0,0,0,0,0
14325,0,0,0,0,0
14331,0,0,0,0,0
14332,0,0,0,0,0
14333,0,0,0,0,0
14334,0,0,0,0,0
14335,0,0,0,0,0
14341,0,0,0,0,0
14342,0,0,0,0,0
14343,0,0,0,0,0
14344,0,0,0,0,0
14345,0,0,0,0,0
14351,0,0,0,0,0
14352,0,0,0,0,0
14353,0,0,0,0,0
14354,0,0,0,0,0
14355,0,0,0,0,0
14411,0,0,0,0,0
14412,0,0,0,0,0
14413,0,0,0,0,0
14414,0,0,0,0,0
14415,0,0,0,0,0
14421,0,0,0,0,0
14422,0,0,0,0,0
14423,0,0,0,0,0
14424,0,0,0,0,0
14425,0,0,0,0,0
14431,0,0,0,0,0
14432,0,0,0,0,0
14433,0,0,0,0,0
14434,0,0,0,0,0
14435,0,0,0,0,0
14441,0,0,0,0,0
14442,0,0,0,0,0
14443,0,0,0,0,0
14444,0,0,0,0,0
14445,0,0,0,0,0
14451,0,0,0,0,0
14452,0,0,0,0,0
14453,0,0,0,0,0
14454,0,0,0,0,0
14455,0,0,0,0,0
14511,0,0,0,0,0
14512,0,0,0,0,0
14513,0,0,0,0,0
14514,0,0,0,0,0
14515,0,0,0,0,0
14521,0,0,0,0,0
14522,0,0,0,0,0
14523,0,0,0,0,0
14524,0,0,0,0,0
14525,0,0,0,0,0
14531,0,0,0,0,0
14532,0,0,0,0,0
14533,0,0,0,0,0
14534,0,0,0,0,0
14535,0,0,0,0,0
14541,0,0,0,0,0
14542,0,0,0,0,0
14543,0,0,0,0,0
14544,0,0,0,0,0
14545,0,0,0,0,0
14551,0,0,0,0,0
14552,0,0,0,0,0
14553,0,0,0,0,0
14554,0,0,0,0,0
14555,0,0,0,0,0
15111,0,0,0,0,0
15112,0,0,0,0,0
15113,0,0,0,0,0
15114,0,0,0,0,0
15115,0,0,0,0,0
15121,0,0,0,0,0
15122,0,0,0,0,0
15123,0,0,0,0,0
15124,0,0,0,0,0
15125,0,0,0,0,0
15131,0,0,0,0,0
15132,0,0,0,0,0
15133,0,0,0,0,0
15134,0,0,0,0,0
15135,0,0,0,0,0
15141,0,0,0,0,0
15142,0,0,0,0,0
15143,0,0,0,0,0
15144,0,0,0,0,0
15145,0,0,0,0,0
15151,0,0,0,0,0
15152,0,0,0,0,0
15153,0,0,0,0,0
15154,0,0,0,0,0
15155,0,0,0,0,0
15211,0,0,0,0,0
15212,0,0,0,0,0
15213,0,0,0,0,0
15214,0,0,0,0,0
15215,0,0,0,0,0
15221,0,0,0,0,0
15222,0,0,0,0,0
15223,0,0,0,0,0
15224,0,0,0,0,0
15225,0,0,0,0,0
15231,0,0,0,0,0
15232,0,0,0,0,0
15233,0,0,0,0,0
15234,0,0,0,0,0
15235,0,0,0,0,0
15241,0,0,0,0,0
15242,0,0,0,0,0
15243,0,0,0,0,0
15244,0,0,0,0,0
15245,0,0,0,0,0
15251,0,0,0,0,0
15252,0,0,0,0,0
15253,0,0,0,0,0
15254,0,0,0,0,0
15255,0,0,0,0,0
15311,0,0,0,0,0
15312,0,0,0,0,0
15313,0,0,0,0,0
15314,0,0,0,0,0
15315,0,0,0,0,0
15321,0,0,0,0,0
15322,0,0,0,0,0
15323,0,0,0,0,0
15324,0,0,0,0,0
15325,0,0,0,0,0
15331,0,0,0,0,0
15332,0,0,0,0,0
15333,0,0,0,0,0
15334,0,0,0,0,0
15335,0,0,0,0,0
15341,0,0,0,0,0
15342,0,0,0,0,0
15343,0,0,0,0,0
15344,0,0,0,0,0
15345,0,0,0,0,0
15351,0,0,0,0,0
15352,0,0,0,0,0
15353,0,0,0,0,0
15354,0,0,0,0,0
15355,0,0,0,0,0
15411,0,0,0,0,0
15412,0,0,0,0,0
15413,0,0,0,0,0
15414,0,0,0,0,0
15415,0,0,0,0,0
15421,0,0,0,0,0
15422,0,0,0,0,0
15423,0,0,0,0,0
15424,0,0,0,0,0
15425,0,0,0,0,0
15431,0,0,0,0,0
15432,0,0,0,0,0
15433,0,0,0,0,0
15434,0,0,0,0,0
15435,0,0,0,0,0
15441,0,0,0,0,0
15442,0,0,0,0,0
15443,0,0,0,0,0
15444,0,0,0,0,0
15445,0,0,0,0,0
15451,0,0,0,0,0
15452,0,0,0,0,0
15453,0,0,0,0,0
15454,0,0,0,0,0
15455,0,0,0,0,0
15511,0,0,0,0,0
15512,0,0,0,0,0
15513,0,0,0,0,0
15514,0,0,0,0,0
15515,0,0,0,0,0
15521,0,0,0,0,0
15522,0,0,0,0,0
15523,0,0,0,0,0
15524,0,0,0,0,0
15525,0,0,0,0,0
15531,0,0,0,0,0
15532,0,0,0,0,0
15533,0,0,0,0,0
15534,0,0,0,0,0
15535,0,0,0,0,0
15541,0,0,0,0,0
15542,0,0,0,0,0
15543,0,0,0,0,0
15544,0,0,0,0,0
15545,0,0,0,0,0
15551,0,0,0,0,0
15552,0,0,0,0,0
15553,0,0,0,0,0
15554,0,0,0,0,0
15555,0,0,0,0,0
21111,0,0,0,0,0
21112,0,0,0,0,0
21113,0,0,0,0,0
21114,0,0,0,0,0
21115,0,0,0,0,0
21121,0,0,0,0,0
21122,0,0,0,0,0
21123,0,0,0,0,0
21124,0,0,0,0,0
21125,0,0,0,0,0
21131,0,0,0,0,0
21132,0,0,0,0,0
21133,0,0,0,0,0
21134,0,0,0,0,0
21135,0,0,0,0,0
21141,0,0,0,0,0
21142,0,0,0,0,0
21143,0,0,0,0,0
21144,0,0,0,0,0
21145,0,0,0,0,0
21151,0,0,0,0,0
21152,0,0,0,0,0
21153,0,0,0,0,0
21154,0,0,0,0,0
21155,0,0,0,0,0
21211,0,0,0,0,0
21212,0,0,0,0,0
21213,0,0,0,0,0
21214,0,0,0,0,0
21215,0,0,0,0,0
21221,0,0,0,0,0
21222,0,0,0,0,0
21223,0,0,0,0,0
21224,0,0,0,0,0
21225,0,0,0,0,0
21231,0,0,0,0,0
21232,0,0,0,0,0
21233,0,0,0,0,0
21234,0,0,0,0,0
21235,0,0,0,0,0
21241,0,0,0,0,0
21242,0,0,0,0,0
21243,0,0,0,0,0
21244,0,0,0,0,0
21245,0,0,0,0,0
21251,0,0,0,0,0
21252,0,0,0,0,0
21253,0,0,0,0,0
21254,0,0,0,0,0
21255,0,0,0,0,0
21311,0,0,0,0,0
21312,0,0,0,0,0
21313,0,0,0,0,0
21314,0,0,0,0,0
21315,0,0,0,0,0
21321,0,0,0,0,0
21322,0,0,0,0,0
21323,0,0,0,0,0
21324,0,0,0,0,0
21325,0,0,0,0,0
21331,0,0,0,0,0
21332,0,0,0,0,0
21333,0,0,0,0,0
21334,0,0,0,0,0
21335,0,0,0,0,0
21341,0,0,0,0,0
21342,0,0,0,0,0
21343,0,0,0,0,0
21344,0,0,0,0,0
21345,0,0,0,0,0
21351,0,0,0,0,0
21352,0,0,0,0,0
21353,0,0,0,0,0
21354,0,0,0,0,0
21355,0,0,0,0,0
21411,0,0,0,0,0
21412,0,0,0,0,0
21413,0,0,0,0,0
21414,0,0,0,0,0
21415,0,0,0,0,0
21421,0,0,0,0,0
21422,0,0,0,0,0
21423,0,0,0,0,0
21424,0,0,0,0,0
21425,0,0,0,0,0
21431,0,0,0,0,0
21432,0,0,0,0,0
21433,0,0,0,0,0
21434,0,0,0,0,0
21435,0,0,0,0,0
21441,0,0,0,0,0
21442,0,0,0,0,0
21443,0,0,0,0,0
21444,0,0,0,0,0
21445,0,0,0,0,0
21451,0,0,0,0,0
21452,0,0,0,0,0
21453,0,0,0,0,0
21454,0,0,0,0,0
21455,0,0,0,0,0
21511,0,0,0,0,0
21512,0,0,0,0,0
21513,0,0,0,0,0
21514,0,0,0,0,0
21515,0,0,0,0,0
21521,0,0,0,0,0
21522,0,0,0,0,0
21523,0,0,0,0,0
21524,0,0,0,0,0
21525,0,0,0,0,0
21531,0,0,0,0,0
21532,0,0,0,0,0
21533,0,0,0,0,0
21534,0,0,0,0,0
21535,0,0,0,0,0
21541,0,0,0,0,0
21542,0,0,0,0,0
21543,0,0,0,0,0
21544,0,0,0,0,0
21545,0,0,0,0,0
21551,0,0,0,0,0
21552,0,0,0,0,0
21553,0,0,0,0,0
21554,0,0,0,0,0
21555,0,0,0,0,0
22111,0,0,0,0,0
22112,0,0,0,0,0
22113,0,0,0,0,0
22114,0,0,0,0,0
22115,0,0,0,0,0
22121,0,0,0,0,0
22122,0,0,0,0,0
22123,0,0,0,0,0
22124,0,0,0,0,0
22125,0,0,0,0,0
22131,0,0,0,0,0
22132,0,0,0,0,0
22133,0,0,0,0,0
22134,0,0,0,0,0
22135,0,0,0,0,0
22141,0,0,0,0,0
22142,0,0,0,0,0
22143,0,0,0,0,0
22144,0,0,0,0,0
22145,0,0,0,0,0
22151,0,0,0,0,0
22152,0,0,0,0,0
22153,0,0,0,0,0
22154,0,0,0,0,0
22155,0,0,0,0,0
22211,0,0,0,0,0
22212,0,0,0,0,0
22213,0,0,0,0,0
22214,0,0,0,0,0
22215,0,0,0,0,0
22221,0,0,0,0,0
22222,0,0,0,0,0
22223,0,0,0,0,0
22224,0,0,0,0,0
22225,0,0,0,0,0
22231,0,0,0,0,0
22232,0,0,0,0,0
22233,0,0,0,0,0
22234,0,0,0,0,0
22235,0,0,0,0,0
22241,0,0,0,0,0
22242,0,0,0,0,0
22243,0,0,0,0,0
22244,0,0,0,0,0
22245,0,0,0,0,0
22251,0,0,0,0,0
22252,0,0,0,0,0
22253,0,0,0,0,0
22254,0,0,0,0,0
22255,0,0,0,0,0
22311,0,0,0,0,0
22312,0,0,0,0,0
22313,0,0,0,0,0
22314,0,0,0,0,0
22315,0,0,0,0,0
22321,0,0,0,0,0
22322,0,0,0,0,0
22323,0,0,0,0,0
22324,0,0,0,0,0
22325,0,0,0,0,0
22331,0,0,0,0,0
22332,0,0,0,0,0
22333,0,0,0,0,0
22334,0,0,0,0,0
22335,0,0,0,0,0
22341,0,0,0,0,0
22342,0,0,0,0,0
22343,0,0,0,0,0
22344,0,0,0,0,0
22345,0,0,0,0,0
22351,0,0,0,0,0
22352,0,0,0,0,0
22353,0,0,0,0,0
22354,0,0,0,0,0
22355,0,0,0,0,0
22411,0,0,0,0,0
22412,0,0,0,0,0
22413,0,0,0,0,0
22414,0,0,0,0,0
22415,0,0,0,0,0
22421,0,0,0,0,0
22422,0,0,0,0,0
22423,0,0,0,0,0
22424,0,0,0,0,0
22425,0,0,0,0,0
22431,0,0,0,0,0
22432,0,0,0,0,0
22433,0,0,0,0,0
22434,0,0,0,0,0
22435,0,0,0,0,0
22441,0,0,0,0,0
22442,0,0,0,0,0
22443,0,0,0,0,0
22444,0,0,0,0,0
22445,0,0,0,0,0
22451,0,0,0,0,0
22452,0,0,0,0,0
22453,0,0,0,0,0
22454,0,0,0,0,0
22455,0,0,0,0,0
22511,0,0,0,0,0
22512,0,0,0,0,0
22513,0,0,0,0,0
22514,0,0,0,0,0
22515,0,0,0,0,0
22521,0,0,0,0,0
22522,0,0,0,0,0
22523,0,0,0,0,0
22524,0,0,0,0,0
22525,0,0,0,0,0
22531,0,0,0,0,0
22532,0,0,0,0,0
22533,0,0,0,0,0
22534,0,0,0,0,0
22535,0,0,0,0,0
22541,0,0,0,0,0
22542,0,0,0,0,0
22543,0,0,0,0,0
22544,0,0,0,0,0
22545,0,0,0,0,0
22551,0,0,0,0,0
22552,0,0,0,0,0
22553,0,0,0,0,0
22554,0,0,0,0,0
22555,0,0,0,0,0
23111,0,0,0,0,0
23112,0,0,0,0,0
23113,0,0,0,0,0
23114,0,0,0,0,0
23115,0,0,0,0,0
23121,0,0,0,0,0
23122,0,0,0,0,0
23123,0,0,0,0,0
23124,0,0,0,0,0
23125,0,0,0,0,0
23131,0,0,0,0,0
23132,0,0,0,0,0
23133,0,0,0,0,0
23134,0,0,0,0,0
23135,0,0,0,0,0
23141,0,0,0,0,0
23142,0,0,0,0,0
23143,0,0,0,0,0
23144,0,0,0,0,0
23145,0,0,0,0,0
23151,0,0,0,0,0
23152,0,0,0,0,0
23153,0,0,0,0,0
23154,0,0,0,0,0
23155,0,0,0,0,0
23211,0,0,0,0,0
23212,0,0,0,0,0
23213,0,0,0,0,0
23214,0,0,0,0,0
23215,0,0,0,0,0
23221,0,0,0,0,0
23222,0,0,0,0,0
23223,0,0,0,0,0
23224,0,0,0,0,0
23225,0,0,0,0,0
23231,0,0,0,0,0
23232,0,0,0,0,0
23233,0,0,0,0,0
23234,0,0,0,0,0
23235,0,0,0,0,0
23241,0,0,0,0,0
23242,0,0,0,0,0
23243,0,0,0,0,0
23244,0,0,0,0,0
23245,0,0,0,0,0
23251,0,0,0,0,0
23252,0,0,0,0,0
23253,0,0,0,0,0
23254,0,0,0,0,0
23255,0,0,0,0,0
23311,0,0,0,0,0
23312,0,0,0,0,0
23313,0,0,0,0,0
23314,0,0,0,0,0
23315,0,0,0,0,0
23321,0,0,0,0,0
23322,0,0,0,0,0
23323,0,0,0,0,0
23324,0,0,0,0,0
23325,0,0,0,0,0
23331,0,0,0,0,0
23332,0,0,0,0,0
23333,0,0,0,0,0
23334,0,0,0,0,0
23335,0,0,0,0,0
23341,0,0,0,0,0
23342,0,0,0,0,0
23343,0,0,0,0,0
23344,0,0,0,0,0
23345,0,0,0,0,0
23351,0,0,0,0,0
23352,0,0,0,0,0
23353,0,0,0,0,0
23354,0,0,0,0,0
23355,0,0,0,0,0
23411,0,0,0,0,0
23412,0,0,0,0,0
23413,0,0,0,0,0
23414,0,0,0,0,0
23415,0,0,0,0,0
23421,0,0,0,0,0
23422,0,0,0,0,0
23423,0,0,0,0,0
23424,0,0,0,0,0
23425,0,0,0,0,0
23431,0,0,0,0,0
23432,0,0,0,0,0
23433,0,0,0,0,0
23434,0,0,0,0,0
23435,0,0,0,0,0
23441,0,0,0,0,0
23442,0,0,0,0,0
23443,0,0,0,0,0
23444,0,0,0,0,0
23445,0,0,0,0,0
23451,0,0,0,0,0
23452,0,0,0,0,0
23453,0,0,0,0,0
23454,0,0,0,0,0
23455,0,0,0,0,0
23511,0,0,0,0,0
23512,0,0,0,0,0
23513,0,0,0,0,0
23514,0,0,0,0,0
23515,0,0,0,0,0
23521,0,0,0,0,0
23522,0,0,0,0,0
23523,0,0,0,0,0
23524,0,0,0,0,0
23525,0,0,0,0,0
23531,0,0,0,0,0
23532,0,0,0,0,0
23533,0,0,0,0,0
23534,0,0,0,0,0
23535,0,0,0,0,0
23541,0,0,0,0,0
23542,0,0,0,0,0
23543,0,0,0,0,0
23544,0,0,0,0,0
23545,0,0,0,0,0
23551,0,0,0,0,0
23552,0,0,0,0,0
23553,0,0,0,0,0
23554,0,0,0,0,0
23555,0,0,0,0,0
24111,0,0,0,0,0
24112,0,0,0,0,0
24113,0,0,0,0,0
24114,0,0,0,0,0
24115,0,0,0,0,0
24121,0,0,0,0,0
24122,0,0,0,0,0
24123,0,0,0,0,0
24124,0,0,0,0,0
24125,0,0,0,0,0
24131,0,0,0,0,0
24132,0,0,0,0,0
24133,0,0,0,0,0
24134,0,0,0,0,0
24135,0,0,0,0,0
24141,0,0,0,0,0
24142,0,0,0,0,0
24143,0,0,0,0,0
24144,0,0,0,0,0
24145,0,0,0,0,0
24151,0,0,0,0,0
24152,0,0,0,0,0
24153,0,0,0,0,0
24154,0,0,0,0,0
24155,0,0,0,0,0
24211,0,0,0,0,0
24212,0,0,0,0,0
24213,0,0,0,0,0
24214,0,0,0,0,0
24215,0,0,0,0,0
24221,0,0,0,0,0
24222,0,0,0,0,0
24223,0,0,0,0,0
24224,0,0,0,0,0
24225,0,0,0,0,0
24231,0,0,0,0,0
24232,0,0,0,0,0
24233,0,0,0,0,0
24234,0,0,0,0,0
24235,0,0,0,0,0
24241,0,0,0,0,0
24242,0,0,0,0,0
24243,0,0,0,0,0
24244,0,0,0,0,0
24245,0,0,0,0,0
24251,0,0,0,0,0
24252,0,0,0,0,0
24253,0,0,0,0,0
24254,0,0,0,0,0
24255,0,0,0,0,0
24311,0,0,0,0,0
24312,0,0,0,0,0
24313,0,0,0,0,0
24314,0,0,0,0,0
24315,0,0,0,0,0
24321,0,0,0,0,0
24322,0,0,0,0,0
24323,0,0,0,0,0
24324,0,0,0,0,0
24325,0,0,0,0,0
24331,0,0,0,0,0
24332,0,0,0,0,0
24333,0,0,0,0,0
24334,0,0,0,0,0
24335,0,0,0,0,0
24341,0,0,0,0,0
24342,0,0,0,0,0
24343,0,0,0,0,0
24344,0,0,0,0,0
24345,0,0,0,0,0
24351,0,0,0,0,0
24352,0,0,0,0,0
24353,0,0,0,0,0
24354,0,0,0,0,0
24355,0,0,0,0,0
24411,0,0,0,0,0
24412,0,0,0,0,0
24413,0,0,0,0,0
24414,0,0,0,0,0
24415,0,0,0,0,0
24421,0,0,0,0,0
24422,0,0,0,0,0
24423,0,0,0,0,0
24424,0,0,0,0,0
24425,0,0,0,0,0
24431,0,0,0,0,0
24432,0,0,0,0,0
24433,0,0,0,0,0
24434,0,0,0,0,0
24435,0,0,0,0,0
24441,0,0,0,0,0
24442,0,0,0,0,0
24443,0,0,0,0,0
24444,0,0,0,0,0
24445,0,0,0,0,0
24451,0,0,0,0,0
24452,0,0,0,0,0
24453,0,0,0,0,0
24454,0,0,0,0,0
24455,0,0,0,0,0
24511,0,0,0,0,0
24512,0,0,0,0,0
24513,0,0,0,0,0
24514,0,0,0,0,0
24515,0,0,0,0,0
24521,0,0,0,0,0
24522,0,0,0,0,0
24523,0,0,0,0,0
24524,0,0,0,0,0
24525,0,0,0,0,0
24531,0,0,0,0,0
24532,0,0,0,0,0
24533,0,0,0,0,0
24534,0,0,0,0,0
24535,0,0,0,0,0
24541,0,0,0,0,0
24542,0,0,0,0,0
24543,0,0,0,0,0
24544,0,0,0,0,0
24545,0,0,0,0,0
24551,0,0,0,0,0
24552,0,0,0,0,0
24553,0,0,0,0,0
24554,0,0,0,0,0
24555,0,0,0,0,0
25111,0,0,0,0,0
25112,0,0,0,0,0
25113,0,0,0,0,0
25114,0,0,0,0,0
25115,0,0,0,0,0
25121,0,0,0,0,0
25122,0,0,0,0,0
25123,0,0,0,0,0
25124,0,0,0,0,0
25125,0,0,0,0,0
25131,0,0,0,0,0
25132,0,0,0,0,0
25133,0,0,0,0,0
25134,0,0,0,0,0
25135,0,0,0,0,0
25141,0,0,0,0,0
25142,0,0,0,0,0
25143,0,0,0,0,0
25144,0,0,0,0,0
25145,0,0,0,0,0
25151,0,0,0,0,0
25152,0,0,0,0,0
25153,0,0,0,0,0
25154,0,0,0,0,0
25155,0,0,0,0,0
25211,0,0,0,0,0
25212,0,0,0,0,0
25213,0,0,0,0,0
25214,0,0,0,0,0
25215,0,0,0,0,0
25221,0,0,0,0,0
25222,0,0,0,0,0
25223,0,0,0,0,0
25224,0,0,0,0,0
25225,0,0,0,0,0
25231,0,0,0,0,0
25232,0,0,0,0,0
25233,0,0,0,0,0
25234,0,0,0,0,0
25235,0,0,0,0,0
25241,0,0,0,0,0
25242,0,0,0,0,0
25243,0,0,0,0,0
25244,0,0,0,0,0
25245,0,0,0,0,0
25251,0,0,0,0,0
25252,0,0,0,0,0
25253,0,0,0,0,0
25254,0,0,0,0,0
25255,0,0,0,0,0
25311,0,0,0,0,0
25312,0,0,0,0,0
25313,0,0,0,0,0
25314,0,0,0,0,0
25315,0,0,0,0,0
25321,0,0,0,0,0
25322,0,0,0,0,0
25323,0,0,0,0,0
25324,0,0,0,0,0
25325,0,0,0,0,0
25331,0,0,0,0,0
25332,0,0,0,0,0
25333,0,0,0,0,0
25334,0,0,0,0,0
25335,0,0,0,0,0
25341,0,0,0,0,0
25342,0,0,0,0,0
25343,0,0,0,0,0
25344,0,0,0,0,0
25345,0,0,0,0,0
25351,0,0,0,0,0
25352,0,0,0,0,0
25353,0,0,0,0,0
25354,0,0,0,0,0
25355,0,0,0,0,0
25411,0,0,0,0,0
25412,0,0,0,0,0
25413,0,0,0,0,0
25414,0,0,0,0,0
25415,0,0,0,0,0
25421,0,0,0,0,0
25422,0,0,0,0,0
25423,0,0,0,0,0
25424,0,0,0,0,0
25425,0,0,0,0,0
25431,0,0,0,0,0
25432,0,0,0,0,0
25433,0,0,0,0,0
25434,0,0,0,0,0
25435,0,0,0,0,0
25441,0,0,0,0,0
25442,0,0,0,0,0
25443,0,0,0,0,0
25444,0,0,0,0,0
25445,0,0,0,0,0
25451,0,0,0,0,0
25452,0,0,0,0,0
25453,0,0,0,0,0
25454,0,0,0,0,0
25455,0,0,0,0,0
25511,0,0,0,0,0
25512,0,0,0,0,0
25513,0,0,0,0,0
25514,0,0,0,0,0
25515,0,0,0,0,0
25521,0,0,0,0,0
25522,0,0,0,0,0
25523,0,0,0,0,0
25524,0,0,0,0,0
25525,0,0,0,0,0
25531,0,0,0,0,0
25532,0,0,0,0,0
25533,0,0,0,0,0
25534,0,0,0,0,0
25535,0,0,0,0,0
25541,0,0,0,0,0
25542,0,0,0,0,0
25543,0,0,0,0,0
25544,0,0,0,0,0
25545,0,0,0,0,0
25551,0,0,0,0,0
25552,0,0,0,0,0
25553,0,0,0,0,0
25554,0,0,0,0,0
25555,0,0,0,0,0
31111,0,0,0,0,0
31112,0,0,0,0,0
31113,0,0,0,0,0
31114,0,0,0,0,0
31115,0,0,0,0,0
31121,0,0,0,0,0
31122,0,0,0,0,0
31123,0,0,0,0,0
31124,0,0,0,0,0
31125,0,0,0,0,0
31131,0,0,0,0,0
31132,0,0,0,0,0
31133,0,0,0,0,0
31134,0,0,0,0,0
31135,0,0,0,0,0
31141,0,0,0,0,0
31142,0,0,0,0,0
31143,0,0,0,0,0
31144,0,0,0,0,0
31145,0,0,0,0,0
31151,0,0,0,0,0
31152,0,0,0,0,0
31153,0,0,0,0,0
31154,0,0,0,0,0
31155,0,0,0,0,0
31211,0,0,0,0,0
31212,0,0,0,0,0
31213,0,0,0,0,0
31214,0,0,0,0,0
31215,0,0,0,0,0
31221,0,0,0,0,0
31222,0,0,0,0,0
31223,0,0,0,0,0
31224,0,0,0,0,0
31225,0,0,0,0,0
31231,0,0,0,0,0
31232,0,0,0,0,0
31233,0,0,0,0,0
31234,0,0,0,0,0
31235,0,0,0,0,0
31241,0,0,0,0,0
31242,0,0,0,0,0
31243,0,0,0,0,0
31244,0,0,0,0,0
31245,0,0,0,0,0
31251,0,0,0,0,0
31252,0,0,0,0,0
31253,0,0,0,0,0
31254,0,0,0,0,0
31255,0,0,0,0,0
31311,0,0,0,0,0
31312,0,0,0,0,0
31313,0,0,0,0,0
31314,0,0,0,0,0
31315,0,0,0,0,0
31321,0,0,0,0,0
31322,0,0,0,0,0
31323,0,0,0,0,0
31324,0,0,0,0,0
31325,0,0,0,0,0
31331,0,0,0,0,0
31332,0,0,0,0,0
31333,0,0,0,0,0
31334,0,0,0,0,0
31335,0,0,0,0,0
31341,0,0,0,0,0
31342,0,0,0,0,0
31343,0,0,0,0,0
31344,0,0,0,0,0
31345,0,0,0,0,0
31351,0,0,0,0,0
31352,0,0,0,0,0
31353,0,0,0,0,0
31354,0,0,0,0,0
31355,0,0,0,0,0
31411,0,0,0,0,0
31412,0,0,0,0,0
31413,0,0,0,0,0
31414,0,0,0,0,0
31415,0,0,0,0,0
31421,0,0,0,0,0
31422,0,0,0,0,0
31423,0,0,0,0,0
31424,0,0,0,0,0
31425,0,0,0,0,0
31431,0,0,0,0,0
31432,0,0,0,0,0
31433,0,0,0,0,0
31434,0,0,0,0,0
31435,0,0,0,0,0
31441,0,0,0,0,0
31442,0,0,0,0,0
31443,0,0,0,0,0
31444,0,0,0,0,0
31445,0,0,0,0,0
31451,0,0,0,0,0
31452,0,0,0,0,0
31453,0,0,0,0,0
31454,0,0,0,0,0
31455,0,0,0,0,0
31511,0,0,0,0,0
31512,0,0,0,0,0
31513,0,0,0,0,0
31514,0,0,0,0,0
31515,0,0,0,0,0
31521,0,0,0,0,0
31522,0,0,0,0,0
31523,0,0,0,0,0
31524,0,0,0,0,0
31525,0,0,0,0,0
31531,0,0,0,0,0
31532,0,0,0,0,0
31533,0,0,0,0,0
31534,0,0,0,0,0
31535,0,0,0,0,0
31541,0,0,0,0,0
31542,0,0,0,0,0
31543,0,0,0,0,0
31544,0,0,0,0,0
31545,0,0,0,0,0
31551,0,0,0,0,0
31552,0,0,0,0,0
31553,0,0,0,0,0
31554,0,0,0,0,0
31555,0,0,0,0,0
32111,0,0,0,0,0
32112,0,0,0,0,0
32113,0,0,0,0,0
32114,0,0,0,0,0
32115,0,0,0,0,0
32121,0,0,0,0,0
32122,0,0,0,0,0
32123,0,0,0,0,0
32124,0,0,0,0,0
32125,0,0,0,0,0
32131,0,0,0,0,0
32132,0,0,0,0,0
32133,0,0,0,0,0
32134,0,0,0,0,0
32135,0,0,0,0,0
32141,0,0,0,0,0
32142,0,0,0,0,0
32143,0,0,0,0,0
32144,0,0,0,0,0
32145,0,0,0,0,0
32151,0,0,0,0,0
32152,0,0,0,0,0
32153,0,0,0,0,0
32154,0,0,0,0,0
32155,0,0,0,0,0
32211,0,0,0,0,0
32212,0,0,0,0,0
32213,0,0,0,0,0
32214,0,0,0,0,0
32215,0,0,0,0,0
32221,0,0,0,0,0
32222,0,0,0,0,0
32223,0,0,0,0,0
32224,0,0,0,0,0
32225,0,0,0,0,0
32231,0,0,0,0,0
32232,0,0,0,0,0
32233,0,0,0,0,0
32234,0,0,0,0,0
32235,0,0,0,0,0
32241,0,0,0,0,0
32242,0,0,0,0,0
32243,0,0,0,0,0
32244,0,0,0,0,0
32245,0,0,0,0,0
32251,0,0,0,0,0
32252,0,0,0,0,0
32253,0,0,0,0,0
32254,0,0,0,0,0
32255,0,0,0,0,0
32311,0,0,0,0,0
32312,0,0,0,0,0
32313,0,0,0,0,0
32314,0,0,0,0,0
32315,0,0,0,0,0
32321,0,0,0,0,0
32322,0,0,0,0,0
32323,0,0,0,0,0
32324,0,0,0,0,0
32325,0,0,0,0,0
32331,0,0,0,0,0
32332,0,0,0,0,0
32333,0,0,0,0,0
32334,0,0,0,0,0
32335,0,0,0,0,0
32341,0,0,0,0,0
32342,0,0,0,0,0
32343,0,0,0,0,0
32344,0,0,0,0,0
32345,0,0,0,0,0
32351,0,0,0,0,0
32352,0,0,0,0,0
32353,0,0,0,0,0
32354,0,0,0,0,0
32355,0,0,0,0,0
32411,0,0,0,0,0
32412,0,0,0,0,0
32413,0,0,0,0,0
32414,0,0,0,0,0
32415,0,0,0,0,0
32421,0,0,0,0,0
32422,0,0,0,0,0
32423,0,0,0,0,0
32424,0,0,0,0,0
32425,0,0,0,0,0
32431,0,0,0,0,0
32432,0,0,0,0,0
32433,0,0,0,0,0
32434,0,0,0,0,0
32435,0,0,0,0,0
32441,0,0,0,0,0
32442,0,0,0,0,0
32443,0,0,0,0,0
32444,0,0,0,0,0
32445,0,0,0,0,0
32451,0,0,0,0,0
32452,0,0,0,0,0
32453,0,0,0,0,0
32454,0,0,0,0,0
32455,0,0,0,0,0
32511,0,0,0,0,0
32512,0,0,0,0,0
32513,0,0,0,0,0
32514,0,0,0,0,0
32515,0,0,0,0,0
32521,0,0,0,0,0
32522,0,0,0,0,0
32523,0,0,0,0,0
32524,0,0,0,0,0
32525,0,0,0,0,0
32531,0,0,0,0,0
32532,0,0,0,0,0
32533,0,0,0,0,0
32534,0,0,0,0,0
32535,0,0,0,0,0
32541,0,0,0,0,0
32542,0,0,0,0,0
32543,0,0,0,0,0
32544,0,0,0,0,0
32545,0,0,0,0,0
32551,0,0,0,0,0
32552,0,0,0,0,0
32553,0,0,0,0,0
32554,0,0,0,0,0
32555,0,0,0,0,0
33111,0,0,0,0,0
33112,0,0,0,0,0
33113,0,0,0,0,0
33114,0,0,0,0,0
33115,0,0,0,0,0
33121,0,0,0,0,0
33122,0,0,0,0,0
33123,0,0,0,0,0
33124,0,0,0,0,0
33125,0,0,0,0,0
33131,0,0,0,0,0
33132,0,0,0,0,0
33133,0,0,0,0,0
33134,0,0,0,0,0
33135,0,0,0,0,0
33141,0,0,0,0,0
33142,0,0,0,0,0
33143,0,0,0,0,0
33144,0,0,0,0,0
33145,0,0,0,0,0
33151,0,0,0,0,0
33152,0,0,0,0,0
33153,0,0,0,0,0
33154,0,0,0,0,0
33155,0,0,0,0,0
33211,0,0,0,0,0
33212,0,0,0,0,0
33213,0,0,0,0,0
33214,0,0,0,0,0
33215,0,0,0,0,0
33221,0,0,0,0,0
33222,0,0,0,0,0
33223,0,0,0,0,0
33224,0,0,0,0,0
33225,0,0,0,0,0
33231,0,0,0,0,0
33232,0,0,0,0,0
33233,0,0,0,0,0
33234,0,0,0,0,0
33235,0,0,0,0,0
33241,0,0,0,0,0
33242,0,0,0,0,0
33243,0,0,0,0,0
33244,0,0,0,0,0
33245,0,0,0,0,0
33251,0,0,0,0,0
33252,0,0,0,0,0
33253,0,0,0,0,0
33254,0,0,0,0,0
33255,0,0,0,0,0
33311,0,0,0,0,0
33312,0,0,0,0,0
33313,0,0,0,0,0
33314,0,0,0,0,0
33315,0,0,0,0,0
33321,0,0,0,0,0
33322,0,0,0,0,0
33323,0,0,0,0,0
33324,0,0,0,0,0
33325,0,0,0,0,0
33331,0,0,0,0,0
33332,0,0,0,0,0
33333,0,0,0,0,0
33334,0,0,0,0,0
33335,0,0,0,0,0
33341,0,0,0,0,0
33342,0,0,0,0,0
33343,0,0,0,0,0
33344,0,0,0,0,0
33345,0,0,0,0,0
33351,0,0,0,0,0
33352,0,0,0,0,0
33353,0,0,0,0,0
33354,0,0,0,0,0
33355,0,0,0,0,0
33411,0,0,0,0,0
33412,0,0,0,0,0
33413,0,0,0,0,0
33414,0,0,0,0,0
33415,0,0,0,0,0
33421,0,0,0,0,0
33422,0,0,0,0,0
33423,0,0,0,0,0
33424,0,0,0,0,0
33425,0,0,0,0,0
33431,0,0,0,0,0
33432,0,0,0,0,0
33433,0,0,0,0,0
33434,0,0,0,0,0
33435,0,0,0,0,0
33441,0,0,0,0,0
33442,0,0,0,0,0
33443,0,0,0,0,0
33444,0,0,0,0,0
33445,0,0,0,0,0
33451,0,0,0,0,0
33452,0,0,0,0,0
33453,0,0,0,0,0
33454,0,0,0,0,0
33455,0,0,0,0,0
33511,0,0,0,0,0
33512,0,0,0,0,0
33513,0,0,0,0,0
33514,0,0,0,0,0
33515,0,0,0,0,0
33521,0,0,0,0,0
33522,0,0,0,0,0
33523,0,0,0,0,0
33524,0,0,0,0,0
33525,0,0,0,0,0
33531,0,0,0,0,0
33532,0,0,0,0,0
33533,0,0,0,0,0
33534,0,0,0,0,0
33535,0,0,0,0,0
33541,0,0,0,0,0
33542,0,0,0,0,0
33543,0,0,0,0,0
33544,0,0,0,0,0
33545,0,0,0,0,0
33551,0,0,0,0,0
33552,0,0,0,0,0
33553,0,0,0,0,0
33554,0,0,0,0,0
33555,0,0,0,0,0
34111,0,0,0,0,0
34112,0,0,0,0,0
34113,0,0,0,0,0
34114,0,0,0,0,0
34115,0,0,0,0,0
34121,0,0,0,0,0
34122,0,0,0,0,0
34123,0,0,0,0,0
34124,0,0,0,0,0
34125,0,0,0,0,0
34131,0,0,0,0,0
34132,0,0,0,0,0
34133,0,0,0,0,0
34134,0,0,0,0,0
34135,0,0,0,0,0
34141,0,0,0,0,0
34142,0,0,0,0,0
34143,0,0,0,0,0
34144,0,0,0,0,0
34145,0,0,0,0,0
34151,0,0,0,0,0
34152,0,0,0,0,0
34153,0,0,0,0,0
34154,0,0,0,0,0
34155,0,0,0,0,0
34211,0,0,0,0,0
34212,0,0,0,0,0
34213,0,0,0,0,0
34214,0,0,0,0,0
34215,0,0,0,0,0
34221,0,0,0,0,0
34222,0,0,0,0,0
34223,0,0,0,0,0
34224,0,0,0,0,0
34225,0,0,0,0,0
34231,0,0,0,0,0
34232,0,0,0,0,0
34233,0,0,0,0,0
34234,0,0,0,0,0
34235,0,0,0,0,0
34241,0,0,0,0,0
34242,0,0,0,0,0
34243,0,0,0,0,0
34244,0,0,0,0,0
34245,0,0,0,0,0
34251,0,0,0,0,0
34252,0,0,0,0,0
34253,0,0,0,0,0
34254,0,0,0,0,0
34255,0,0,0,0,0
34311,0,0,0,0,0
34312,0,0,0,0,0
34313,0,0,0,0,0
34314,0,0,0,0,0
34315,0,0,0,0,0
34321,0,0,0,0,0
34322,0,0,0,0,0
34323,0,0,0,0,0
34324,0,0,0,0,0
34325,0,0,0,0,0
34331,0,0,0,0,0
34332,0,0,0,0,0
34333,0,0,0,0,0
34334,0,0,0,0,0
34335,0,0,0,0,0
34341,0,0,0,0,0
34342,0,0,0,0,0
34343,0,0,0,0,0
34344,0,0,0,0,0
34345,0,0,0,0,0
34351,0,0,0,0,0
34352,0,0,0,0,0
34353,0,0,0,0,0
34354,0,0,0,0,0
34355,0,0,0,0,0
34411,0,0,0,0,0
34412,0,0,0,0,0
34413,0,0,0,0,0
34414,0,0,0,0,0
34415,0,0,0,0,0
34421,0,0,0,0,0
34422,0,0,0,0,0
34423,0,0,0,0,0
34424,0,0,0,0,0
34425,0,0,0,0,0
34431,0,0,0,0,0
34432,0,0,0,0,0
34433,0,0,0,0,0
34434,0,0,0,0,0
34435,0,0,0,0,0
34441,0,0,0,0,0
34442,0,0,0,0,0
34443,0,0,0,0,0
34444,0,0,0,0,0
34445,0,0,0,0,0
34451,0,0,0,0,0
34452,0,0,0,0,0
34453,0,0,0,0,0
34454,0,0,0,0,0
34455,0,0,0,0,0
34511,0,0,0,0,0
34512,0,0,0,0,0
34513,0,0,0,0,0
34514,0,0,0,0,0
34515,0,0,0,0,0
34521,0,0,0,0,0
34522,0,0,0,0,0
34523,0,0,0,0,0
34524,0,0,0,0,0
34525,0,0,0,0,0
34531,0,0,0,0,0
34532,0,0,0,0,0
34533,0,0,0,0,0
34534,0,0,0,0,0
34535,0,0,0,0,0
34541,0,0,0,0,0
34542,0,0,0,0,0
34543,0,0,0,0,0
34544,0,0,0,0,0
34545,0,0,0,0,0
34551,0,0,0,0,0
34552,0,0,0,0,0
34553,0,0,0,0,0
34554,0,0,0,0,0
34555,0,0,0,0,0
35111,0,0,0,0,0
35112,0,0,0,0,0
35113,0,0,0,0,0
35114,0,0,0,0,0
35115,0,0,0,0,0
35121,0,0,0,0,0
35122,0,0,0,0,0
35123,0,0,0,0,0
35124,0,0,0,0,0
35125,0,0,0,0,0
35131,0,0,0,0,0
35132,0,0,0,0,0
35133,0,0,0,0,0
35134,0,0,0,0,0
35135,0,0,0,0,0
35141,0,0,0,0,0
35142,0,0,0,0,0
35143,0,0,0,0,0
35144,0,0,0,0,0
35145,0,0,0,0,0
35151,0,0,0,0,0
35152,0,0,0,0,0
35153,0,0,0,0,0
35154,0,0,0,0,0
35155,0,0,0,0,0
35211,0,0,0,0,0
35212,0,0,0,0,0
35213,0,0,0,0,0
35214,0,0,0,0,0
35215,0,0,0,0,0
35221,0,0,0,0,0
35222,0,0,0,0,0
35223,0,0,0,0,0
35224,0,0,0,0,0
35225,0,0,0,0,0
35231,0,0,0,0,0
35232,0,0,0,0,0
35233,0,0,0,0,0
35234,0,0,0,0,0
35235,0,0,0,0,0
35241,0,0,0,0,0
35242,0,0,0,0,0
35243,0,0,0,0,0
35244,0,0,0,0,0
35245,0,0,0,0,0
35251,0,0,0,0,0
35252,0,0,0,0,0
35253,0,0,0,0,0
35254,0,0,0,0,0
35255,0,0,0,0,0
35311,0,0,0,0,0
35312,0,0,0,0,0
35313,0,0,0,0,0
35314,0,0,0,0,0
35315,0,0,0,0,0
35321,0,0,0,0,0
35322,0,0,0,0,0
35323,0,0,0,0,0
35324,0,0,0,0,0
35325,0,0,0,0,0
35331,0,0,0,0,0
35332,0,0,0,0,0
35333,0,0,0,0,0
35334,0,0,0,0,0
35335,0,0,0,0,0
35341,0,0,0,0,0
35342,0,0,0,0,0
35343,0,0,0,0,0
35344,0,0,0,0,0
35345,0,0,0,0,0
35351,0,0,0,0,0
35352,0,0,0,0,0
35353,0,0,0,0,0
35354,0,0,0,0,0
35355,0,0,0,0,0
35411,0,0,0,0,0
35412,0,0,0,0,0
35413,0,0,0,0,0
35414,0,0,0,0,0
35415,0,0,0,0,0
35421,0,0,0,0,0
35422,0,0,0,0,0
35423,0,0,0,0,0
35424,0,0,0,0,0
35425,0,0,0,0,0
35431,0,0,0,0,0
35432,0,0,0,0,0
35433,0,0,0,0,0
35434,0,0,0,0,0
35435,0,0,0,0,0
35441,0,0,0,0,0
35442,0,0,0,0,0
35443,0,0,0,0,0
35444,0,0,0,0,0
35445,0,0,0,0,0
35451,0,0,0,0,0
35452,0,0,0,0,0
35453,0,0,0,0,0
35454,0,0,0,0,0
35455,0,0,0,0,0
35511,0,0,0,0,0
35512,0,0,0,0,0
35513,0,0,0,0,0
35514,0,0,0,0,0
35515,0,0,0,0,0
35521,0,0,0,0,0
35522,0,0,0,0,0
35523,0,0,0,0,0
35524,0,0,0,0,0
35525,0,0,0,0,0
35531,0,0,0,0,0
35532,0,0,0,0,0
35533,0,0,0,0,0
35534,0,0,0,0,0
35535,0,0,0,0,0
35541,0,0,0,0,0
35542,0,0,0,0,0
35543,0,0,0,0,0
35544,0,0,0,0,0
35545,0,0,0,0,0
35551,0,0,0,0,0
35552,0,0,0,0,0
35553,0,0,0,0,0
35554,0,0,0,0,0
35555,0,0,0,0,0
41111,0,0,0,0,0
41112,0,0,0,0,0
41113,0,0,0,0,0
41114,0,0,0,0,0
41115,0,0,0,0,0
41121,0,0,0,0,0
41122,0,0,0,0,0
41123,0,0,0,0,0
41124,0,0,0,0,0
41125,0,0,0,0,0
41131,0,0,0,0,0
41132,0,0,0,0,0
41133,0,0,0,0,0
41134,0,0,0,0,0
41135,0,0,0,0,0
41141,0,0,0,0,0
41142,0,0,0,0,0
41143,0,0,0,0,0
41144,0,0,0,0,0
41145,0,0,0,0,0
41151,0,0,0,0,0
41152,0,0,0,0,0
41153,0,0,0,0,0
41154,0,0,0,0,0
41155,0,0,0,0,0
41211,0,0,0,0,0
41212,0,0,0,0,0
41213,0,0,0,0,0
41214,0,0,0,0,0
41215,0,0,0,0,0
41221,0,0,0,0,0
41222,0,0,0,0,0
41223,0,0,0,0,0
41224,0,0,0,0,0
41225,0,0,0,0,0
41231,0,0,0,0,0
41232,0,0,0,0,0
41233,0,0,0,0,0
41234,0,0,0,0,0
41235,0,0,0,0,0
41241,0,0,0,0,0
41242,0,0,0,0,0
41243,0,0,0,0,0
41244,0,0,0,0,0
41245,0,0,0,0,0
41251,0,0,0,0,0
41252,0,0,0,0,0
41253,0,0,0,0,0
41254,0,0,0,0,0
41255,0,0,0,0,0
41311,0,0,0,0,0
41312,0,0,0,0,0
41313,0,0,0,0,0
41314,0,0,0,0,0
41315,0,0,0,0,0
41321,0,0,0,0,0
41322,0,0,0,0,0
41323,0,0,0,0,0
41324,0,0,0,0,0
41325,0,0,0,0,0
41331,0,0,0,0,0
41332,0,0,0,0,0
41333,0,0,0,0,0
41334,0,0,0,0,0
41335,0,0,0,0,0
41341,0,0,0,0,0
41342,0,0,0,0,0
41343,0,0,0,0,0
41344,0,0,0,0,0
41345,0,0,0,0,0
41351,0,0,0,0,0
41352,0,0,0,0,0
41353,0,0,0,0,0
41354,0,0,0,0,0
41355,0,0,0,0,0
41411,0,0,0,0,0
41412,0,0,0,0,0
41413,0,0,0,0,0
41414,0,0,0,0,0
41415,0,0,0,0,0
41421,0,0,0,0,0
41422,0,0,0,0,0
41423,0,0,0,0,0
41424,0,0,0,0,0
41425,0,0,0,0,0
41431,0,0,0,0,0
41432,0,0,0,0,0
41433,0,0,0,0,0
41434,0,0,0,0,0
41435,0,0,0,0,0
41441,0,0,0,0,0
41442,0,0,0,0,0
41443,0,0,0,0,0
41444,0,0,0,0,0
41445,0,0,0,0,0
41451,0,0,0,0,0
41452,0,0,0,0,0
41453,0,0,0,0,0
41454,0,0,0,0,0
41455,0,0,0,0,0
41511,0,0,0,0,0
41512,0,0,0,0,0
41513,0,0,0,0,0
41514,0,0,0,0,0
41515,0,0,0,0,0
41521,0,0,0,0,0
41522,0,0,0,0,0
41523,0,0,0,0,0
41524,0,0,0,0,0
41525,0,0,0,0,0
41531,0,0,0,0,0
41532,0,0,0,0,0
41533,0,0,0,0,0
41534,0,0,0,0,0
41535,0,0,0,0,0
41541,0,0,0,0,0
41542,0,0,0,0,0
41543,0,0,0,0,0
41544,0,0,0,0,0
41545,0,0,0,0,0
41551,0,0,0,0,0
41552,0,0,0,0,0
41553,0,0,0,0,0
41554,0,0,0,0,0
41555,0,0,0,0,0
42111,0,0,0,0,0
42112,0,0,0,0,0
42113,0,0,0,0,0
42114,0,0,0,0,0
42115,0,0,0,0,0
42121,0,0,0,0,0
42122,0,0,0,0,0
42123,0,0,0,0,0
42124,0,0,0,0,0
42125,0,0,0,0,0
42131,0,0,0,0,0
42132,0,0,0,0,0
42133,0,0,0,0,0
42134,0,0,0,0,0
42135,0,0,0,0,0
42141,0,0,0,0,0
42142,0,0,0,0,0
42143,0,0,0,0,0
42144,0,0,0,0,0
42145,0,0,0,0,0
42151,0,0,0,0,0
42152,0,0,0,0,0
42153,0,0,0,0,0
42154,0,0,0,0,0
42155,0,0,0,0,0
42211,0,0,0,0,0
42212,0,0,0,0,0
42213,0,0,0,0,0
42214,0,0,0,0,0
42215,0,0,0,0,0
42221,0,0,0,0,0
42222,0,0,0,0,0
42223,0,0,0,0,0
42224,0,0,0,0,0
42225,0,0,0,0,0
42231,0,0,0,0,0
42232,0,0,0,0,0
42233,0,0,0,0,0
42234,0,0,0,0,0
42235,0,0,0,0,0
42241,0,0,0,0,0
42242,0,0,0,0,0
42243,0,0,0,0,0
42244,0,0,0,0,0
42245,0,0,0,0,0
42251,0,0,0,0,0
42252,0,0,0,0,0
42253,0,0,0,0,0
42254,0,0,0,0,0
42255,0,0,0,0,0
42311,0,0,0,0,0
42312,0,0,0,0,0
42313,0,0,0,0,0
42314,0,0,0,0,0
42315,0,0,0,0,0
42321,0,0,0,0,0
42322,0,0,0,0,0
42323,0,0,0,0,0
42324,0,0,0,0,0
42325,0,0,0,0,0
42331,0,0,0,0,0
42332,0,0,0,0,0
42333,0,0,0,0,0
42334,0,0,0,0,0
42335,0,0,0,0,0
42341,0,0,0,0,0
42342,0,0,0,0,0
42343,0,0,0,0,0
42344,0,0,0,0,0
42345,0,0,0,0,0
42351,0,0,0,0,0
42352,0,0,0,0,0
42353,0,0,0,0,0
42354,0,0,0,0,0
42355,0,0,0,0,0
42411,0,0,0,0,0
42412,0,0,0,0,0
42413,0,0,0,0,0
42414,0,0,0,0,0
42415,0,0,0,0,0
42421,0,0,0,0,0
42422,0,0,0,0,0
42423,0,0,0,0,0
42424,0,0,0,0,0
42425,0,0,0,0,0
42431,0,0,0,0,0
42432,0,0,0,0,0
42433,0,0,0,0,0
42434,0,0,0,0,0
42435,0,0,0,0,0
42441,0,0,0,0,0
42442,0,0,0,0,0
42443,0,0,0,0,0
42444,0,0,0,0,0
42445,0,0,0,0,0
42451,0,0,0,0,0
42452,0,0,0,0,0
42453,0,0,0,0,0
42454,0,0,0,0,0
42455,0,0,0,0,0
42511,0,0,0,0,0
42512,0,0,0,0,0
42513,0,0,0,0,0
42514,0,0,0,0,0
42515,0,0,0,0,0
42521,0,0,0,0,0
42522,0,0,0,0,0
42523,0,0,0,0,0
42524,0,0,0,0,0
42525,0,0,0,0,0
42531,0,0,0,0,0
42532,0,0,0,0,0
42533,0,0,0,0,0
42534,0,0,0,0,0
42535,0,0,0,0,0
42541,0,0,0,0,0
42542,0,0,0,0,0
42543,0,0,0,0,0
42544,0,0,0,0,0
42545,0,0,0,0,0
42551,0,0,0,0,0
42552,0,0,0,0,0
42553,0,0,0,0,0
42554,0,0,0,0,0
42555,0,0,0,0,0
43111,0,0,0,0,0
43112,0,0,0,0,0
43113,0,0,0,0,0
43114,0,0,0,0,0
43115,0,0,0,0,0
43121,0,0,0,0,0
43122,0,0,0,0,0
43123,0,0,0,0,0
43124,0,0,0,0,0
43125,0,0,0,0,0
43131,0,0,0,0,0
43132,0,0,0,0,0
43133,0,0,0,0,0
43134,0,0,0,0,0
43135,0,0,0,0,0
43141,0,0,0,0,0
43142,0,0,0,0,0
43143,0,0,0,0,0
43144,0,0,0,0,0
43145,0,0,0,0,0
43151,0,0,0,0,0
43152,0,0,0,0,0
43153,0,0,0,0,0
43154,0,0,0,0,0
43155,0,0,0,0,0
43211,0,0,0,0,0
43212,0,0,0,0,0
43213,0,0,0,0,0
43214,0,0,0,0,0
43215,0,0,0,0,0
43221,0,0,0,0,0
43222,0,0,0,0,0
43223,0,0,0,0,0
43224,0,0,0,0,0
43225,0,0,0,0,0
43231,0,0,0,0,0
43232,0,0,0,0,0
43233,0,0,0,0,0
43234,0,0,0,0,0
43235,0,0,0,0,0
43241,0,0,0,0,0
43242,0,0,0,0,0
43243,0,0,0,0,0
43244,0,0,0,0,0
43245,0,0,0,0,0
43251,0,0,0,0,0
43252,0,0,0,0,0
43253,0,0,0,0,0
43254,0,0,0,0,0
43255,0,0,0,0,0
43311,0,0,0,0,0
43312,0,0,0,0,0
43313,0,0,0,0,0
43314,0,0,0,0,0
43315,0,0,0,0,0
43321,0,0,0,0,0
43322,0,0,0,0,0
43323,0,0,0,0,0
43324,0,0,0,0,0
43325,0,0,0,0,0
43331,0,0,0,0,0
43332,0,0,0,0,0
43333,0,0,0,0,0
43334,0,0,0,0,0
43335,0,0,0,0,0
43341,0,0,0,0,0
43342,0,0,0,0,0
43343,0,0,0,0,0
43344,0,0,0,0,0
43345,0,0,0,0,0
43351,0,0,0,0,0
43352,0,0,0,0,0
43353,0,0,0,0,0
43354,0,0,0,0,0
43355,0,0,0,0,0
43411,0,0,0,0,0
43412,0,0,0,0,0
43413,0,0,0,0,0
43414,0,0,0,0,0
43415,0,0,0,0,0
43421,0,0,0,0,0
43422,0,0,0,0,0
43423,0,0,0,0,0
43424,0,0,0,0,0
43425,0,0,0,0,0
43431,0,0,0,0,0
43432,0,0,0,0,0
43433,0,0,0,0,0
43434,0,0,0,0,0
43435,0,0,0,0,0
43441,0,0,0,0,0
43442,0,0,0,0,0
43443,0,0,0,0,0
43444,0,0,0,0,0
43445,0,0,0,0,0
43451,0,0,0,0,0
43452,0,0,0,0,0
43453,0,0,0,0,0
43454,0,0,0,0,0
43455,0,0,0,0,0
43511,0,0,0,0,0
43512,0,0,0,0,0
43513,0,0,0,0,0
43514,0,0,0,0,0
43515,0,0,0,0,0
43521,0,0,0,0,0
43522,0,0,0,0,0
43523,0,0,0,0,0
43524,0,0,0,0,0
43525,0,0,0,0,0
43531,0,0,0,0,0
43532,0,0,0,0,0
43533,0,0,0,0,0
43534,0,0,0,0,0
43535,0,0,0,0,0
43541,0,0,0,0,0
43542,0,0,0,0,0
43543,0,0,0,0,0
43544,0,0,0,0,0
43545,0,0,0,0,0
43551,0,0,0,0,0
43552,0,0,0,0,0
43553,0,0,0,0,0
43554,0,0,0,0,0
43555,0,0,0,0,0
44111,0,0,0,0,0
44112,0,0,0,0,0
44113,0,0,0,0,0
44114,0,0,0,0,0
44115,0,0,0,0,0
44121,0,0,0,0,0
44122,0,0,0,0,0
44123,0,0,0,0,0
44124,0,0,0,0,0
44125,0,0,0,0,0
44131,0,0,0,0,0
44132,0,0,0,0,0
44133,0,0,0,0,0
44134,0,0,0,0,0
44135,0,0,0,0,0
44141,0,0,0,0,0
44142,0,0,0,0,0
44143,0,0,0,0,0
44144,0,0,0,0,0
44145,0,0,0,0,0
44151,0,0,0,0,0
44152,0,0,0,0,0
44153,0,0,0,0,0
44154,0,0,0,0,0
44155,0,0,0,0,0
44211,0,0,0,0,0
44212,0,0,0,0,0
44213,0,0,0,0,0
44214,0,0,0,0,0
44215,0,0,0,0,0
44221,0,0,0,0,0
44222,0,0,0,0,0
44223,0,0,0,0,0
44224,0,0,0,0,0
44225,0,0,0,0,0
44231,0,0,0,0,0
44232,0,0,0,0,0
44233,0,0,0,0,0
44234,0,0,0,0,0
44235,0,0,0,0,0
44241,0,0,0,0,0
44242,0,0,0,0,0
44243,0,0,0,0,0
44244,0,0,0,0,0
44245,0,0,0,0,0
44251,0,0,0,0,0
44252,0,0,0,0,0
44253,0,0,0,0,0
44254,0,0,0,0,0
44255,0,0,0,0,0
44311,0,0,0,0,0
44312,0,0,0,0,0
44313,0,0,0,0,0
44314,0,0,0,0,0
44315,0,0,0,0,0
44321,0,0,0,0,0
44322,0,0,0,0,0
44323,0,0,0,0,0
44324,0,0,0,0,0
44325,0,0,0,0,0
44331,0,0,0,0,0
44332,0,0,0,0,0
44333,0,0,0,0,0
44334,0,0,0,0,0
44335,0,0,0,0,0
44341,0,0,0,0,0
44342,0,0,0,0,0
44343,0,0,0,0,0
44344,0,0,0,0,0
44345,0,0,0,0,0
44351,0,0,0,0,0
44352,0,0,0,0,0
44353,0,0,0,0,0
44354,0,0,0,0,0
44355,0,0,0,0,0
44411,0,0,0,0,0
44412,0,0,0,0,0
44413,0,0,0,0,0
44414,0,0,0,0,0
44415,0,0,0,0,0
44421,0,0,0,0,0
44422,0,0,0,0,0
44423,0,0,0,0,0
44424,0,0,0,0,0
44425,0,0,0,0,0
44431,0,0,0,0,0
44432,0,0,0,0,0
44433,0,0,0,0,0
44434,0,0,0,0,0
44435,0,0,0,0,0
44441,0,0,0,0,0
44442,0,0,0,0,0
44443,0,0,0,0,0
44444,0,0,0,0,0
44445,0,0,0,0,0
44451,0,0,0,0,0
44452,0,0,0,0,0
44453,0,0,0,0,0
44454,0,0,0,0,0
44455,0,0,0,0,0
44511,0,0,0,0,0
44512,0,0,0,0,0
44513,0,0,0,0,0
44514,0,0,0,0,0
44515,0,0,0,0,0
44521,0,0,0,0,0
44522,0,0,0,0,0
44523,0,0,0,0,0
44524,0,0,0,0,0
44525,0,0,0,0,0
44531,0,0,0,0,0
44532,0,0,0,0,0
44533,0,0,0,0,0
44534,0,0,0,0,0
44535,0,0,0,0,0
44541,0,0,0,0,0
44542,0,0,0,0,0
44543,0,0,0,0,0
44544,0,0,0,0,0
44545,0,0,0,0,0
44551,0,0,0,0,0
44552,0,0,0,0,0
44553,0,0,0,0,0
44554,0,0,0,0,0
44555,0,0,0,0,0
45111,0,0,0,0,0
45112,0,0,0,0,0
45113,0,0,0,0,0
45114,0,0,0,0,0
45115,0,0,0,0,0
45121,0,0,0,0,0
45122,0,0,0,0,0
45123,0,0,0,0,0
45124,0,0,0,0,0
45125,0,0,0,0,0
45131,0,0,0,0,0
45132,0,0,0,0,0
45133,0,0,0,0,0
45134,0,0,0,0,0
45135,0,0,0,0,0
45141,0,0,0,0,0
45142,0,0,0,0,0
45143,0,0,0,0,0
45144,0,0,0,0,0
45145,0,0,0,0,0
45151,0,0,0,0,0
45152,0,0,0,0,0
45153,0,0,0,0,0
45154,0,0,0,0,0
45155,0,0,0,0,0
45211,0,0,0,0,0
45212,0,0,0,0,0
45213,0,0,0,0,0
45214,0,0,0,0,0
45215,0,0,0,0,0
45221,0,0,0,0,0
45222,0,0,0,0,0
45223,0,0,0,0,0
45224,0,0,0,0,0
45225,0,0,0,0,0
45231,0,0,0,0,0
45232,0,0,0,0,0
45233,0,0,0,0,0
45234,0,0,0,0,0
45235,0,0,0,0,0
45241,0,0,0,0,0
45242,0,0,0,0,0
45243,0,0,0,0,0
45244,0,0,0,0,0
45245,0,0,0,0,0
45251,0,0,0,0,0
45252,0,0,0,0,0
45253,0,0,0,0,0
45254,0,0,0,0,0
45255,0,0,0,0,0
45311,0,0,0,0,0
45312,0,0,0,0,0
45313,0,0,0,0,0
45314,0,0,0,0,0
45315,0,0,0,0,0
45321,0,0,0,0,0
45322,0,0,0,0,0
45323,0,0,0,0,0
45324,0,0,0,0,0
45325,0,0,0,0,0
45331,0,0,0,0,0
45332,0,0,0,0,0
45333,0,0,0,0,0
45334,0,0,0,0,0
45335,0,0,0,0,0
45341,0,0,0,0,0
45342,0,0,0,0,0
45343,0,0,0,0,0
45344,0,0,0,0,0
45345,0,0,0,0,0
45351,0,0,0,0,0
45352,0,0,0,0,0
45353,0,0,0,0,0
45354,0,0,0,0,0
45355,0,0,0,0,0
45411,0,0,0,0,0
45412,0,0,0,0,0
45413,0,0,0,0,0
45414,0,0,0,0,0
45415,0,0,0,0,0
45421,0,0,0,0,0
45422,0,0,0,0,0
45423,0,0,0,0,0
45424,0,0,0,0,0
45425,0,0,0,0,0
45431,0,0,0,0,0
45432,0,0,0,0,0
45433,0,0,0,0,0
45434,0,0,0,0,0
45435,0,0,0,0,0
45441,0,0,0,0,0
45442,0,0,0,0,0
45443,0,0,0,0,0
45444,0,0,0,0,0
45445,0,0,0,0,0
45451,0,0,0,0,0
45452,0,0,0,0,0
45453,0,0,0,0,0
45454,0,0,0,0,0
45455,0,0,0,0,0
45511,0,0,0,0,0
45512,0,0,0,0,0
45513,0,0,0,0,0
45514,0,0,0,0,0
45515,0,0,0,0,0
45521,0,0,0,0,0
45522,0,0,0,0,0
45523,0,0,0,0,0
45524,0,0,0,0,0
45525,0,0,0,0,0
45531,0,0,0,0,0
45532,0,0,0,0,0
45533,0,0,0,0,0
45534,0,0,0,0,0
45535,0,0,0,0,0
45541,0,0,0,0,0
45542,0,0,0,0,0
45543,0,0,0,0,0
45544,0,0,0,0,0
45545,0,0,0,0,0
45551,0,0,0,0,0
45552,0,0,0,0,0
45553,0,0,0,0,0
45554,0,0,0,0,0
45555,0,0,0,0,0
51111,0,0,0,25,0
51112,1750,2950,1900,1900,2675
51113,3750,3450,7050,3300,2150
51114,0,0,0,0,0
51115,0,0,0,0,0
51121,0,0,0,0,0
51122,0,0,0,0,0
51123,0,0,0,0,0
51124,0,0,0,0,0
51125,0,0,0,0,0
51131,0,0,0,0,0
51132,0,0,0,0,0
51133,0,0,0,0,0
51134,0,0,0,0,0
51135,0,0,0,0,0
51141,0,0,0,0,0
51142,0,0,0,0,0
51143,0,0,0,0,0
51144,0,0,0,0,0
51145,0,0,0,0,0
51151,0,0,0,0,0
51152,0,0,0,0,0
51153,0,0,0,0,0
51154,0,0,0,0,0
51155,0,0,0,0,0
51211,0,0,0,0,0
51212,0,0,0,0,0
51213,0,0,0,0,0
51214,0,0,0,0,0
51215,0,0,0,0,0
51221,0,0,0,0,0
51222,0,0,0,0,0
51223,0,0,0,0,0
51224,0,0,0,0,0
51225,0,0,0,0,0
51231,0,0,0,0,0
51232,0,0,0,0,0
51233,0,0,0,0,0
51234,0,0,0,0,0
51235,0,0,0,0,0
51241,0,0,0,0,0
51242,0,0,0,0,0
51243,0,0,0,0,0
51244,0,0,0,0,0
51245,0,0,0,0,0
51251,0,0,0,0,0
51252,0,0,0,0,0
51253,0,0,0,0,0
51254,0,0,0,0,0
51255,0,0,0,0,0
51311,0,0,0,0,0
51312,0,0,0,0,0
51313,0,0,0,0,0
51314,0,0,0,0,0
51315,0,0,0,0,0
51321,0,0,0,0,0
51322,0,0,0,0,0
51323,0,0,0,0,0
51324,0,0,0,0,0
51325,0,0,0,0,0
51331,0,0,0,0,0
51332,0,0,0,0,0
51333,0,0,0,0,0
51334,0,0,0,0,0
51335,0,0,0,0,0
51341,0,0,0,0,0
51342,0,0,0,0,0
51343,0,0,0,0,0
51344,0,0,0,0,0
51345,0,0,0,0,0
51351,0,0,0,0,0
51352,0,0,0,0,0
51353,0,0,0,0,0
51354,0,0,0,0,0
51355,0,0,0,0,0
51411,0,0,0,0,0
51412,0,0,0,0,0
51413,0,0,0,0,0
51414,0,0,0,0,0
51415,0,0,0,0,0
51421,0,0,0,0,0
51422,0,0,0,0,0
51423,0,0,0,0,0
51424,0,0,0,0,0
51425,0,0,0,0,0
51431,0,0,0,0,0
51432,0,0,0,0,0
51433,0,0,0,0,0
51434,0,0,0,0,0
51435,0,0,0,0,0
51441,0,0,0,0,0
51442,0,0,0,0,0
51443,0,0,0,0,0
51444,0,0,0,0,0
51445,0,0,0,0,0
51451,0,0,0,0,0
51452,0,0,0,0,0
51453,0,0,0,0,0
51454,0,0,0,0,0
51455,0,0,0,0,0
51511,0,0,0,0,0
51512,0,0,0,0,0
51513,0,0,0,0,0
51514,0,0,0,0,0
51515,0,0,0,0,0
51521,0,0,0,0,0
51522,0,0,0,0,0
51523,0,0,0,0,0
51524,0,0,0,0,0
51525,0,0,0,0,0
51531,0,0,0,0,0
51532,0,0,0,0,0
51533,0,0,0,0,0
51534,0,0,0,0,0
51535,0,0,0,0,0
51541,0,0,0,0,0
51542,0,0,0,0,0
51543,0,0,0,0,0
51544,0,0,0,0,0
51545,0,0,0,0,0
51551,0,0,0,0,0
51552,0,0,0,0,0
51553,0,0,0,0,0
51554,0,0,0,0,0
51555,0,0,0,0,0
52111,0,0,0,0,0
52112,0,0,0,0,0
52113,0,0,0,0,0
52114,0,0,0,0,0
52115,0,0,0,0,0
52121,0,0,0,0,0
52122,0,0,0,0,0
52123,0,0,0,0,0
52124,0,0,0,0,0
52125,0,0,0,0,0
52131,0,0,0,0,0
52132,0,0,0,0,0
52133,0,0,0,0,0
52134,0,0,0,0,0
52135,0,0,0,0,0
52141,0,0,0,0,0
52142,0,0,0,0,0
52143,0,0,0,0,0
52144,0,0,0,0,0
52145,0,0,0,0,0
52151,0,0,0,0,0
52152,0,0,0,0,0
52153,0,0,0,0,0
52154,0,0,0,0,0
52155,0,0,0,0,0
52211,0,0,0,0,0
52212,0,0,0,0,0
52213,0,0,0,0,0
52214,0,0,0,0,0
52215,0,0,0,0,0
52221,0,0,0,0,0
52222,0,0,0,0,0
52223,0,0,0,0,0
52224,0,0,0,0,0
52225,0,0,0,0,0
52231,0,0,0,0,0
52232,0,0,0,0,0
52233,0,0,0,0,0
52234,0,0,0,0,0
52235,0,0,0,0,0
52241,0,0,0,0,0
52242,0,0,0,0,0
52243,0,0,0,0,0
52244,0,0,0,0,0
52245,0,0,0,0,0
52251,0,0,0,0,0
52252,0,0,0,0,0
52253,0,0,0,0,0
52254,0,0,0,0,0
52255,0,0,0,0,0
52311,0,0,0,0,0
52312,0,0,0,0,0
52313,0,0,0,0,0
52314,0,0,0,0,0
52315,0,0,0,0,0
52321,0,0,0,0,0
52322,0,0,0,0,0
52323,0,0,0,0,0
52324,0,0,0,0,0
52325,0,0,0,0,0
52331,0,0,0,0,0
52332,0,0,0,0,0
52333,0,0,0,0,0
52334,0,0,0,0,0
52335,0,0,0,0,0
52341,0,0,0,0,0
52342,0,0,0,0,0
52343,0,0,0,0,0
52344,0,0,0,0,0
52345,0,0,0,0,0
52351,0,0,0,0,0
52352,0,0,0,0,0
52353,0,0,0,0,0
52354,0,0,0,0,0
52355,0,0,0,0,0
52411,0,0,0,0,0
52412,0,0,0,0,0
52413,0,0,0,0,0
52414,0,0,0,0,0
52415,0,0,0,0,0
52421,0,0,0,0,0
52422,0,0,0,0,0
52423,0,0,0,0,0
52424,0,0,0,0,0
52425,0,0,0,0,0
52431,0,0,0,0,0
52432,0,0,0,0,0
52433,0,0,0,0,0
52434,0,0,0,0,0
52435,0,0,0,0,0
52441,0,0,0,0,0
52442,0,0,0,0,0
52443,0,0,0,0,0
52444,0,0,0,0,0
52445,0,0,0,0,0
52451,0,0,0,0,0
52452,0,0,0,0,0
52453,0,0,0,0,0
52454,0,0,0,0,0
52455,0,0,0,0,0
52511,0,0,0,0,0
52512,0,0,0,0,0
52513,0,0,0,0,0
52514,0,0,0,0,0
52515,0,0,0,0,0
52521,0,0,0,0,0
52522,0,0,0,0,0
52523,0,0,0,0,0
52524,0,0,0,0,0
52525,0,0,0,0,0
52531,0,0,0,0,0
52532,0,0,0,0,0
52533,0,0,0,0,0
52534,0,0,0,0,0
52535,0,0,0,0,0
52541,0,0,0,0,0
52542,0,0,0,0,0
52543,0,0,0,0,0
52544,0,0,0,0,0
52545,0,0,0,0,0
52551,0,0,0,0,0
52552,0,0,0,0,0
52553,0,0,0,0,0
52554,0,0,0,0,0
52555,0,0,0,0,0
53111,0,0,0,0,0
53112,0,0,0,0,0
53113,0,0,750,0,0
53114,0,0,0,0,0
53115,0,0,0,0,0
53121,0,0,0,0,0
53122,0,0,0,0,0
53123,0,0,0,0,0
53124,0,0,0,0,0
53125,0,0,0,0,0
53131,0,0,0,0,0
53132,0,0,0,0,0
53133,0,0,0,0,0
53134,0,0,0,0,0
53135,0,0,0,0,0
53141,0,0,0,0,0
53142,0,0,0,0,0
53143,0,0,0,0,0
53144,0,0,0,0,0
53145,0,0,0,0,0
53151,0,0,0,0,0
53152,0,0,0,0,0
53153,0,0,0,0,0
53154,0,0,0,0,0
53155,0,0,0,0,0
53211,0,0,0,0,0
53212,0,0,0,0,0
53213,0,0,0,0,0
53214,0,0,0,0,0
53215,0,0,0,0,0
53221,0,0,0,0,0
53222,0,0,0,0,0
53223,0,0,0,0,0
53224,0,0,0,0,0
53225,0,0,0,0,0
53231,0,0,0,0,0
53232,0,0,0,0,0
53233,0,0,0,0,0
53234,0,0,0,0,0
53235,0,0,0,0,0
53241,0,0,0,0,0
53242,0,0,0,0,0
53243,0,0,0,0,0
53244,0,0,0,0,0
53245,0,0,0,0,0
53251,0,0,0,0,0
53252,0,0,0,0,0
53253,0,0,0,0,0
53254,0,0,0,0,0
53255,0,0,0,0,0
53311,0,0,0,25,0
53312,0,0,0,0,0
53313,0,0,0,0,0
53314,0,0,0,0,0
53315,0,0,0,0,0
53321,0,0,0,0,0
53322,0,0,0,0,0
53323,0,0,0,0,0
53324,0,0,0,0,0
53325,0,0,0,0,0
53331,0,0,0,0,0
53332,0,0,0,0,0
53333,0,0,0,0,0
53334,0,0,0,0,0
53335,0,0,0,0,0
53341,0,0,0,0,0
53342,0,0,0,0,0
53343,0,0,0,0,0
53344,0,0,0,0,0
53345,0,0,0,0,0
53351,0,0,0,0,0
53352,0,0,0,0,0
53353,0,0,0,0,0
53354,0,0,0,0,0
53355,0,0,0,0,0
53411,0,0,0,0,0
53412,0,0,0,0,0
53413,0,0,0,0,0
53414,0,0,0,0,0
53415,0,0,0,0,0
53421,0,0,0,0,0
53422,0,0,0,0,0
53423,0,0,0,0,0
53424,0,0,0,0,0
53425,0,0,0,0,0
53431,0,0,0,0,0
53432,0,0,0,0,0
53433,0,0,0,0,0
53434,0,0,0,0,0
53435,0,0,0,0,0
53441,0,0,0,0,0
53442,0,0,0,0,0
53443,0,0,0,0,0
53444,0,0,0,0,0
53445,0,0,0,0,0
53451,0,0,0,0,0
53452,0,0,0,0,0
53453,0,0,0,0,0
53454,0,0,0,0,0
53455,0,0,0,0,0
53511,0,0,0,0,0
53512,0,0,0,0,0
53513,0,0,0,0,0
53514,0,0,0,0,0
53515,0,0,0,0,0
53521,0,0,0,0,0
53522,0,0,0,0,0
53523,0,0,0,0,0
53524,0,0,0,0,0
53525,0,0,0,0,0
53531,0,0,0,0,0
53532,0,0,0,0,0
53533,0,0,0,0,0
53534,0,0,0,0,0
53535,0,0,0,0,0
53541,0,0,0,0,0
53542,0,0,0,0,0
53543,0,0,0,0,0
53544,0,0,0,0,0
53545,0,0,0,0,0
53551,0,0,0,0,0
53552,0,0,0,0,0
53553,0,0,0,0,0
53554,0,0,0,0,0
53555,0,0,0,0,0
54111,0,0,0,0,0
54112,0,0,0,0,0
54113,0,0,0,0,750
54114,0,0,0,0,0
54115,0,0,0,0,0
54121,0,0,0,0,0
54122,0,0,0,0,0
54123,0,0,0,0,0
54124,0,0,0,0,0
54125,0,0,0,0,0
54131,0,0,0,0,0
54132,0,0,0,0,0
54133,0,0,0,0,0
54134,0,0,0,0,0
54135,0,0,0,0,0
54141,0,0,0,0,0
54142,0,0,0,0,0
54143,0,0,0,0,0
54144,0,0,0,0,0
54145,0,0,0,0,0
54151,0,0,0,0,0
54152,0,0,0,0,0
54153,0,0,0,0,0
54154,0,0,0,0,0
54155,0,0,0,0,0
54211,0,0,0,0,0
54212,0,0,0,0,0
54213,0,0,0,0,0
54214,0,0,0,0,0
54215,0,0,0,0,0
54221,0,0,0,0,0
54222,0,0,0,0,0
54223,0,0,0,0,0
54224,0,0,0,0,0
54225,0,0,0,0,0
54231,0,0,0,0,0
54232,0,0,0,0,0
54233,0,0,0,0,0
54234,0,0,0,0,0
54235,0,0,0,0,0
54241,0,0,0,0,0
54242,0,0,0,0,0
54243,0,0,0,0,0
54244,0,0,0,0,0
54245,0,0,0,0,0
54251,0,0,0,0,0
54252,0,0,0,0,0
54253,0,0,0,0,0
54254,0,0,0,0,0
54255,0,0,0,0,0
54311,0,0,0,0,0
54312,0,0,0,0,0
54313,0,0,0,0,0
54314,0,0,0,0,0
54315,0,0,0,0,0
54321,0,0,0,0,0
54322,0,0,0,0,0
54323,0,0,0,0,0
54324,0,0,0,0,0
54325,0,0,0,0,0
54331,0,0,0,0,0
54332,0,0,0,0,0
54333,0,0,0,0,0
54334,0,0,0,0,0
54335,0,0,0,0,0
54341,0,0,0,0,0
54342,0,0,0,0,0
54343,0,0,0,0,0
54344,0,0,0,0,0
54345,0,0,0,0,0
54351,0,0,0,0,0
54352,0,0,0,0,0
54353,0,0,0,0,0
54354,0,0,0,0,0
54355,0,0,0,0,0
54411,25,0,0,0,0
54412,0,0,0,0,0
54413,0,0,0,0,0
54414,0,0,0,0,0
54415,0,0,0,0,0
54421,0,0,0,0,0
54422,0,0,0,0,0
54423,0,0,0,0,0
54424,0,0,0,0,0
54425,0,0,0,0,0
54431,0,0,0,0,0
54432,0,0,0,0,0
54433,0,0,0,0,0
54434,0,0,0,0,0
54435,0,0,0,0,0
54441,0,0,0,0,0
54442,0,0,0,0,0
54443,0,0,0,0,0
54444,0,0,0,0,0
54445,0,0,0,0,0
54451,0,0,0,0,0
54452,0,0,0,0,0
54453,0,0,0,0,0
54454,0,0,0,0,0
54455,0,0,0,0,0
54511,0,0,0,25,0
54512,0,0,0,0,0
54513,0,0,0,0,0
54514,0,0,0,0,0
54515,0,0,0,0,0
54521,0,0,0,0,0
54522,0,0,0,0,0
54523,0,0,0,0,0
54524,0,0,0,0,0
54525,0,0,0,0,0
54531,0,0,0,0,0
54532,0,0,0,0,0
54533,0,0,0,0,0
54534,0,0,0,0,0
54535,0,0,0,0,0
54541,0,0,0,0,0
54542,0,0,0,0,0
54543,0,0,0,0,0
54544,0,0,0,0,0
54545,0,0,0,0,0
54551,0,0,0,0,0
54552,0,0,0,0,0
54553,0,0,0,0,0
54554,0,0,0,0,0
54555,0,0,0,0,0
55111,0,0,0,0,0
55112,0,0,0,0,0
55113,750,750,0,0,0
55114,5900,5000,6425,2025,1700
55115,0,0,0,25,0
55121,0,0,0,0,0
55122,0,0,0,0,0
55123,0,0,0,0,0
55124,0,0,0,0,0
55125,0,0,0,0,0
55131,0,0,0,0,0
55132,0,0,0,0,0
55133,0,0,0,0,0
55134,0,0,0,0,0
55135,0,0,0,0,0
55141,0,0,0,0,0
55142,0,0,0,0,0
55143,0,0,0,0,0
55144,0,0,0,0,0
55145,0,0,0,0,0
55151,0,0,0,0,0
55152,0,0,0,0,0
55153,0,0,0,0,0
55154,0,0,0,0,0
55155,0,0,0,0,0
55211,0,0,0,0,0
55212,0,0,0,0,0
55213,0,0,0,0,0
55214,0,0,0,0,0
55215,0,0,0,0,0
55221,0,0,0,0,0
55222,0,0,0,0,0
55223,0,0,0,0,0
55224,0,0,0,0,0
55225,0,0,0,0,0
55231,0,0,0,0,0
55232,0,0,0,0,0
55233,0,0,0,0,0
55234,0,0,0,0,0
55235,0,0,0,0,0
55241,0,0,0,0,0
55242,0,0,0,0,0
55243,0,0,0,0,0
55244,0,0,0,0,0
55245,0,0,0,0,0
55251,0,0,0,0,0
55252,0,0,0,0,0
55253,0,0,0,0,0
55254,0,0,0,0,0
55255,0,0,0,0,0
55311,0,0,0,0,0
55312,0,0,0,0,0
55313,0,0,0,0,0
55314,1175,0,0,0,0
55315,0,0,0,0,0
55321,0,0,0,0,0
55322,0,0,0,0,0
55323,0,0,0,0,0
55324,0,0,0,0,0
55325,0,0,0,0,0
55331,0,0,0,0,0
55332,0,0,0,0,0
55333,0,0,0,0,0
55334,0,0,0,0,0
55335,0,0,0,0,0
55341,0,0,0,0,0
55342,0,0,0,0,0
55343,0,0,0,0,0
55344,0,0,0,0,0
55345,0,0,0,0,0
55351,0,0,0,0,0
55352,0,0,0,0,0
55353,0,0,0,0,0
55354,0,0,0,0,0
55355,0,0,0,0,0
55411,0,25,0,0,0
55412,0,0,0,0,0
55413,0,0,0,0,0
55414,0,0,1175,0,0
55415,0,0,0,0,0
55421,0,0,0,0,0
55422,0,0,0,0,0
55423,0,0,0,0,0
55424,0,0,0,0,0
55425,0,0,0,0,0
55431,0,0,0,0,0
55432,0,0,0,0,0
55433,0,0,0,0,0
55434,0,0,0,0,0
55435,0,0,0,0,0
55441,0,0,0,0,0
55442,0,0,0,0,0
55443,0,0,0,0,0
55444,0,0,0,0,0
55445,0,0,0,0,0
55451,0,0,0,0,0
55452,0,0,0,0,0
55453,0,0,0,0,0
55454,0,0,0,0,0
55455,0,0,0,0,0
55511,21925,20175,17475,4075,2950
55512,0,0,0,0,25
55513,0,0,0,0,0
55514,6700,10850,12000,23300,16550
55515,96800,144075,130375,99925,100225
55521,0,0,0,0,0
55522,0,0,0,0,0
55523,0,0,0,0,0
55524,0,0,0,0,0
55525,0,0,0,0,0
55531,0,0,0,0,0
55532,0,0,0,0,0
55533,0,0,0,0,0
55534,0,0,0,0,0
55535,0,0,0,0,0
55541,0,0,0,375,0
55542,0,0,0,0,0
55543,0,0,0,0,0
55544,0,0,0,0,0
55545,0,0,0,0,0
55551,47875,64475,79850,60675,143975
55552,0,0,0,0,0
55553,0,0,0,0,0
55554,0,0,0,0,0
55555,0,0,0,0,0
